Number,NCBI_Accession_ID,Marker_lineage,Markers,Marker_sets,0,1,2,3,4,5+,Completeness,Contamination
1,GCA_000454045.1_ASM45404v1_genomic,Rhodococcus,715,302,2,713,0,0,0,0,99.59,0
2,GCA_000174835.1_ASM17483v1_genomic,Rhodococcus,715,302,2,713,0,0,0,0,99.59,0
3,GCA_000010105.1_ASM1010v1_genomic,Rhodococcus,715,302,2,713,0,0,0,0,99.59,0
4,GCA_010119425.1_ASM1011942v1_genomic,Rhodococcus,715,302,2,713,0,0,0,0,99.59,0
5,GCA_002741725.1_ASM274172v1_genomic,Rhodococcus,715,302,4,711,0,0,0,0,99.44,0
6,GCA_006351985.2_ASM635198v2_genomic,Rhodococcus,715,302,4,711,0,0,0,0,99.44,0
7,GCA_001623435.1_ASM162343v1_genomic,Rhodococcus,715,302,3,712,0,0,0,0,99.25,0
8,GCA_001445685.1_ASM144568v1_genomic,Rhodococcus,715,302,3,712,0,0,0,0,99.25,0
9,GCA_009863335.1_ASM986333v1_genomic,Rhodococcus,715,302,4,711,0,0,0,0,99.14,0
10,GCA_003852455.1_ASM385245v1_genomic,Rhodococcus,715,302,4,711,0,0,0,0,99.14,0
11,GCA_001242945.1_Rhodococcus_sp._311R_genomic,Rhodococcus,715,302,2,712,1,0,0,0,99.59,0.06
12,GCA_900455855.1_52601_H01_genomic,Rhodococcus,715,302,2,712,1,0,0,0,99.59,0.07
13,GCA_002087025.1_ASM208702v1_genomic,Rhodococcus,715,302,2,712,1,0,0,0,99.59,0.08
14,GCA_009766235.1_ASM976623v1_genomic,Rhodococcus,715,302,2,711,2,0,0,0,99.59,0.11
15,GCA_001687425.1_ASM168742v1_genomic,Rhodococcus,715,302,2,712,1,0,0,0,99.59,0.17
16,GCA_002215235.1_ASM221523v1_genomic,Rhodococcus,715,302,4,710,1,0,0,0,99.44,0.17
17,GCA_002893965.1_ASM289396v1_genomic,Rhodococcus,715,302,2,710,3,0,0,0,99.59,0.18
18,GCA_001029585.1_ASM102958v1_genomic,Rhodococcus,715,302,2,711,2,0,0,0,99.59,0.23
19,GCA_000010805.1_ASM1080v1_genomic,Rhodococcus,715,302,2,712,1,0,0,0,99.85,0.33
20,GCA_000482405.1_ASM48240v1_genomic,Rhodococcus,715,302,2,712,1,0,0,0,99.59,0.33
21,GCA_000280725.1_ASM28072v1_genomic,Rhodococcus,715,302,2,712,1,0,0,0,99.59,0.33
22,GCA_000196695.1_ASM19669v1_genomic,Rhodococcus,715,302,2,712,1,0,0,0,99.59,0.33
23,GCA_000014565.1_ASM1456v1_genomic,Rhodococcus,715,302,2,712,1,0,0,0,99.59,0.33
24,GCA_002095295.1_ASM209529v1_genomic,Rhodococcus,715,302,2,712,1,0,0,0,99.59,0.33
25,GCA_002078625.1_ASM207862v1_genomic,Rhodococcus,715,302,2,712,1,0,0,0,99.59,0.33
26,GCA_009495805.1_ASM949580v1_genomic,Rhodococcus,715,302,2,712,1,0,0,0,99.59,0.33
27,GCA_008728655.1_ASM872865v1_genomic,Rhodococcus,715,302,2,712,1,0,0,0,99.59,0.33
28,GCA_007197835.1_ASM719783v1_genomic,Rhodococcus,715,302,2,712,1,0,0,0,99.59,0.33
29,GCA_006714965.1_ASM671496v1_genomic,Rhodococcus,715,302,2,712,1,0,0,0,99.59,0.33
30,GCA_006384225.1_ASM638422v1_genomic,Rhodococcus,715,302,2,712,1,0,0,0,99.59,0.33
31,GCA_001715845.1_ASM171584v1_genomic,Rhodococcus,715,302,2,712,1,0,0,0,99.59,0.33
32,GCA_001682295.1_ASM168229v1_genomic,Rhodococcus,715,302,2,712,1,0,0,0,99.59,0.33
33,GCA_000341815.1_Whole_genome_assembly_genomic,Rhodococcus,715,302,3,711,1,0,0,0,99.52,0.33
34,GCA_002095235.1_ASM209523v1_genomic,Rhodococcus,715,302,3,711,1,0,0,0,99.48,0.33
35,GCA_002095125.1_ASM209512v1_genomic,Rhodococcus,715,302,3,711,1,0,0,0,99.48,0.33
36,GCA_002095115.1_ASM209511v1_genomic,Rhodococcus,715,302,3,711,1,0,0,0,99.48,0.33
37,GCA_003288095.1_ASM328809v1_genomic,Rhodococcus,715,302,4,710,1,0,0,0,99.44,0.33
38,GCA_000341965.1_Whole_genome_assembly_genomic,Rhodococcus,715,302,4,710,1,0,0,0,99.44,0.33
39,GCA_900177695.1_IMG-taxon_2527291702_annotated_assembly_genomic,Rhodococcus,715,302,4,710,1,0,0,0,99.44,0.33
40,GCA_009831075.1_ASM983107v1_genomic,Rhodococcus,715,302,4,710,1,0,0,0,99.44,0.33
41,GCA_000469645.1_ASM46964v1_genomic,Rhodococcus,715,302,4,710,1,0,0,0,99.31,0.33
42,GCA_001900745.1_ASM190074v1_genomic,Rhodococcus,715,302,3,711,1,0,0,0,99.25,0.33
43,GCA_900455725.1_50477_H01_genomic,Rhodococcus,715,302,4,710,1,0,0,0,99.19,0.33
44,GCA_003004765.2_ASM300476v2_genomic,Rhodococcus,715,302,5,709,1,0,0,0,99.11,0.33
45,GCA_007679075.1_ASM767907v1_genomic,Rhodococcus,715,302,2,711,2,0,0,0,99.59,0.35
46,GCA_000383555.1_ASM38355v1_genomic,Rhodococcus,715,302,2,711,2,0,0,0,99.59,0.36
47,GCA_000382105.1_ASM38210v1_genomic,Rhodococcus,715,302,2,711,2,0,0,0,99.59,0.36
48,GCA_002095185.1_ASM209518v1_genomic,Rhodococcus,715,302,2,711,2,0,0,0,99.59,0.36
49,GCA_003086595.1_ASM308659v1_genomic,Rhodococcus,715,302,4,708,3,0,0,0,99.44,0.37
50,GCA_001894945.1_ASM189494v1_genomic,Rhodococcus,715,302,4,708,3,0,0,0,99.44,0.37
51,GCA_002078545.1_ASM207854v1_genomic,Rhodococcus,715,302,2,711,2,0,0,0,99.59,0.38
52,GCA_002095085.1_ASM209508v1_genomic,Rhodococcus,715,302,3,710,2,0,0,0,99.48,0.38
53,GCA_001757665.1_ASM175766v1_genomic,Rhodococcus,715,302,2,711,2,0,0,0,99.59,0.4
54,GCA_000236965.2_ASM23696v2_genomic,Rhodococcus,715,302,4,709,2,0,0,0,99.44,0.4
55,GCA_001051275.1_ASM105127v1_genomic,Rhodococcus,715,302,5,708,2,0,0,0,99.27,0.4
56,GCA_002094235.1_ASM209423v1_genomic,Rhodococcus,715,302,3,710,2,0,0,0,99.48,0.41
57,GCA_002259165.1_ASM225916v1_genomic,Rhodococcus,715,302,3,710,2,0,0,0,99.42,0.41
58,GCA_001620005.1_ASM162000v1_genomic,Rhodococcus,715,302,3,710,2,0,0,0,99.42,0.41
59,GCA_001037935.1_RhoFas1.0_genomic,Rhodococcus,715,302,3,710,2,0,0,0,99.42,0.41
60,GCA_002094405.1_ASM209440v1_genomic,Rhodococcus,715,302,2,711,2,0,0,0,99.59,0.44
61,GCA_002094395.1_ASM209439v1_genomic,Rhodococcus,715,302,2,711,2,0,0,0,99.59,0.44
62,GCA_002094375.1_ASM209437v1_genomic,Rhodococcus,715,302,2,711,2,0,0,0,99.59,0.44
63,GCA_002094295.1_ASM209429v1_genomic,Rhodococcus,715,302,2,711,2,0,0,0,99.59,0.44
64,GCA_002078515.1_ASM207851v1_genomic,Rhodococcus,715,302,2,711,2,0,0,0,99.59,0.44
65,GCA_002258225.1_ASM225822v1_genomic,Rhodococcus,715,302,2,709,4,0,0,0,99.59,0.46
66,GCA_002094225.1_ASM209422v1_genomic,Rhodococcus,715,302,2,710,3,0,0,0,99.59,0.47
67,GCA_002303875.1_ASM230387v1_genomic,Rhodococcus,715,302,2,710,3,0,0,0,99.59,0.48
68,GCA_001645385.1_ASM164538v1_genomic,Rhodococcus,715,302,3,708,4,0,0,0,99.54,0.49
69,GCA_008306195.1_ASM830619v1_genomic,Rhodococcus,715,302,3,710,2,0,0,0,99.25,0.5
70,GCA_002165495.1_ASM216549v1_genomic,Rhodococcus,715,302,4,709,2,0,0,0,99.19,0.5
71,GCA_001831305.1_ASM183130v1_genomic,Rhodococcus,715,302,9,704,2,0,0,0,99.11,0.5
72,GCA_002259065.1_ASM225906v1_genomic,Rhodococcus,715,302,4,707,4,0,0,0,99.25,0.52
73,GCA_002258975.1_ASM225897v1_genomic,Rhodococcus,715,302,4,707,4,0,0,0,99.25,0.52
74,GCA_002258485.1_ASM225848v1_genomic,Rhodococcus,715,302,4,707,4,0,0,0,99.25,0.52
75,GCA_002258465.1_ASM225846v1_genomic,Rhodococcus,715,302,4,707,4,0,0,0,99.25,0.52
76,GCA_002095195.1_ASM209519v1_genomic,Rhodococcus,715,302,2,710,3,0,0,0,99.59,0.54
77,GCA_002095045.1_ASM209504v1_genomic,Rhodococcus,715,302,2,710,3,0,0,0,99.59,0.54
78,GCA_002094305.1_ASM209430v1_genomic,Rhodococcus,715,302,2,710,3,0,0,0,99.59,0.54
79,GCA_001552575.1_ASM155257v1_genomic,Rhodococcus,715,302,2,710,3,0,0,0,99.59,0.54
80,GCA_900455885.1_52488_D09_genomic,Rhodococcus,715,302,3,709,3,0,0,0,99.55,0.54
81,GCA_001646905.1_re12_genomic,Rhodococcus,715,302,6,706,3,0,0,0,99.14,0.54
82,GCA_003387295.1_ASM338729v1_genomic,Rhodococcus,715,302,3,707,5,0,0,0,99.52,0.57
83,GCA_007672705.1_ASM767270v1_genomic,Rhodococcus,715,302,2,710,3,0,0,0,99.59,0.61
84,GCA_001465325.1_ASM146532v1_genomic,Rhodococcus,715,302,4,707,4,0,0,0,99.44,0.63
85,GCA_000696675.2_ASM69667v2_genomic,Rhodococcus,715,302,2,710,3,0,0,0,99.59,0.66
86,GCA_002095175.1_ASM209517v1_genomic,Rhodococcus,715,302,2,711,2,0,0,0,99.59,0.66
87,GCA_002095155.1_ASM209515v1_genomic,Rhodococcus,715,302,2,711,2,0,0,0,99.59,0.66
88,GCA_002076325.1_ASM207632v1_genomic,Rhodococcus,715,302,2,711,2,0,0,0,99.59,0.66
89,GCA_900101565.1_IMG-taxon_2593339195_annotated_assembly_genomic,Rhodococcus,715,302,2,711,2,0,0,0,99.59,0.66
90,GCA_003990875.1_ASM399087v1_genomic,Rhodococcus,715,302,2,711,2,0,0,0,99.59,0.66
91,GCA_001552595.1_ASM155259v1_genomic,Rhodococcus,715,302,2,711,2,0,0,0,99.59,0.66
92,GCA_001700945.1_ASM170094v1_genomic,Rhodococcus,715,302,3,710,2,0,0,0,99.52,0.66
93,GCA_001976025.1_ASM197602v1_genomic,Rhodococcus,715,302,3,710,2,0,0,0,99.48,0.66
94,GCA_000470885.1_RhoBCP1_1.0_genomic,Rhodococcus,715,302,4,709,2,0,0,0,99.47,0.66
95,GCA_000763325.2_ASM76332v2_genomic,Rhodococcus,715,302,4,708,3,0,0,0,99.44,0.66
96,GCA_001665495.1_ASM166549v1_genomic,Rhodococcus,715,302,4,709,2,0,0,0,99.44,0.66
97,GCA_004153645.1_ASM415364v1_genomic,Rhodococcus,715,302,4,709,2,0,0,0,99.19,0.66
98,GCA_900105195.1_IMG-taxon_2630969012_annotated_assembly_genomic,Rhodococcus,715,302,5,708,2,0,0,0,99.11,0.66
99,GCA_001894905.1_ASM189490v1_genomic,Rhodococcus,715,302,5,708,2,0,0,0,99.11,0.66
100,GCA_003051005.1_ASM305100v1_genomic,Rhodococcus,715,302,4,708,3,0,0,0,99.25,0.69
101,GCA_003013675.1_ASM301367v1_genomic,Rhodococcus,715,302,2,709,3,1,0,0,99.59,0.7
102,GCA_000473915.1_Prescottia_equi_Genome_sequencing_genomic,Rhodococcus,715,302,5,706,4,0,0,0,99.32,0.71
103,GCA_009707305.1_ASM970730v1_genomic,Rhodococcus,715,302,2,710,3,0,0,0,99.59,0.73
104,GCA_003797745.1_ASM379774v1_genomic,Rhodococcus,715,302,2,710,3,0,0,0,99.59,0.73
105,GCA_003313445.1_ASM331344v1_genomic,Rhodococcus,715,302,2,710,3,0,0,0,99.59,0.73
106,GCA_003633655.1_ASM363365v1_genomic,Rhodococcus,715,302,4,708,3,0,0,0,99.44,0.73
107,GCA_002258685.1_ASM225868v1_genomic,Rhodococcus,715,302,3,707,5,0,0,0,99.42,0.74
108,GCA_002259425.1_ASM225942v1_genomic,Rhodococcus,715,302,2,708,5,0,0,0,99.59,0.75
109,GCA_004803645.1_ASM480364v1_genomic,Rhodococcus,715,302,2,709,4,0,0,0,99.59,0.75
110,GCA_001278665.1_ASM127866v1_genomic,Rhodococcus,715,302,10,702,3,0,0,0,99,0.77
111,GCA_001894805.1_ASM189480v1_genomic,Rhodococcus,715,302,2,709,4,0,0,0,99.59,0.78
112,GCA_001662505.1_ASM166250v1_genomic,Rhodococcus,715,302,2,708,5,0,0,0,99.59,0.78
113,GCA_000716895.1_ASM71689v1_genomic,Rhodococcus,715,302,3,708,4,0,0,0,99.25,0.78
114,GCA_001942025.1_ASM194202v1_genomic,Rhodococcus,715,302,4,705,6,0,0,0,99.19,0.78
115,GCA_001652355.1_rey60_genomic,Rhodococcus,715,302,4,707,4,0,0,0,99.2,0.79
116,GCA_000824945.2_BDK_PRJEB6917_v1_genomic,Rhodococcus,715,302,7,701,7,0,0,0,99.13,0.8
117,GCA_001373455.1_Rhodococcus_sp._4J2A2_genomic,Rhodococcus,715,302,3,707,5,0,0,0,99.52,0.81
118,GCA_004211705.1_ASM421170v1_genomic,Rhodococcus,715,302,4,706,5,0,0,0,99.09,0.82
119,GCA_002078535.1_ASM207853v1_genomic,Rhodococcus,715,302,2,710,3,0,0,0,99.59,0.83
120,GCA_000760735.1_R_fas_A44a_genomic,Rhodococcus,715,302,3,706,6,0,0,0,99.48,0.83
121,GCA_001646885.1_re11_genomic,Rhodococcus,715,302,3,709,3,0,0,0,99.25,0.83
122,GCA_003336925.1_ASM333692v1_genomic,Rhodococcus,715,302,5,705,5,0,0,0,99.21,0.83
123,GCA_003097035.1_ASM309703v1_genomic,Rhodococcus,715,302,2,708,5,0,0,0,99.59,0.86
124,GCA_008369235.1_ASM836923v1_genomic,Rhodococcus,715,302,3,707,5,0,0,0,99.25,0.87
125,GCA_001646745.1_ASM164674v1_genomic,Rhodococcus,715,302,2,709,4,0,0,0,99.59,0.89
126,GCA_003586525.1_ASM358652v1_genomic,Rhodococcus,715,302,4,706,5,0,0,0,99.44,0.89
127,GCA_002258205.1_ASM225820v1_genomic,Rhodococcus,715,302,2,709,3,1,0,0,99.59,0.91
128,GCA_001646925.1_re13_genomic,Rhodococcus,715,302,2,709,4,0,0,0,99.59,0.91
129,GCA_000760995.1_R_fas_LMG3602_genomic,Rhodococcus,715,302,4,707,4,0,0,0,99.09,0.91
130,GCA_000760975.1_R_fas_D188_genomic,Rhodococcus,715,302,3,706,6,0,0,0,99.48,0.92
131,GCA_000761015.1_R_fas_LMG3605_genomic,Rhodococcus,715,302,3,706,6,0,0,0,99.42,0.92
132,GCA_002501585.1_ASM250158v1_genomic,Rhodococcus,715,302,2,709,4,0,0,0,99.59,0.94
133,GCA_002258835.1_ASM225883v1_genomic,Rhodococcus,715,302,2,707,5,1,0,0,99.59,0.96
134,GCA_002258795.1_ASM225879v1_genomic,Rhodococcus,715,302,2,707,5,1,0,0,99.59,0.96
135,GCA_002258445.1_ASM225844v1_genomic,Rhodococcus,715,302,2,707,5,1,0,0,99.59,0.96
136,GCA_002258405.1_ASM225840v1_genomic,Rhodococcus,715,302,2,707,5,1,0,0,99.59,0.96
137,GCA_002258395.1_ASM225839v1_genomic,Rhodococcus,715,302,2,707,5,1,0,0,99.59,0.96
138,GCA_000760835.1_R_fas_02-815_genomic,Rhodococcus,715,302,4,705,5,1,0,0,99.54,0.96
139,GCA_002091935.1_ASM209193v1_genomic,Rhodococcus,715,302,2,710,3,0,0,0,99.59,0.99
140,GCA_002079265.1_ASM207926v1_genomic,Rhodococcus,715,302,2,710,3,0,0,0,99.59,0.99
141,GCA_000347955.2_ASM34795v2_genomic,Rhodococcus,715,302,4,707,4,0,0,0,99.44,0.99
142,GCA_001886355.1_ASM188635v1_genomic,Rhodococcus,715,302,4,704,7,0,0,0,99.44,0.99
143,GCA_009176285.1_ASM917628v1_genomic,Rhodococcus,715,302,5,707,3,0,0,0,99.29,0.99
144,GCA_000517665.1_Rhodococcus_rhodochrous.strain_ATCC_21198_v1.0_genomic,Rhodococcus,715,302,8,704,3,0,0,0,99.09,0.99
145,GCA_002094265.1_ASM209426v1_genomic,Rhodococcus,715,302,2,710,2,1,0,0,99.59,1.02
146,GCA_002095255.1_ASM209525v1_genomic,Rhodococcus,715,302,2,706,7,0,0,0,99.59,1.04
147,GCA_002095035.1_ASM209503v1_genomic,Rhodococcus,715,302,2,706,7,0,0,0,99.59,1.04
148,GCA_002094445.1_ASM209444v1_genomic,Rhodococcus,715,302,2,706,7,0,0,0,99.59,1.04
149,GCA_000719985.1_ASM71998v1_genomic,Rhodococcus,715,302,2,709,4,0,0,0,99.59,1.06
150,GCA_002269365.1_ASM226936v1_genomic,Rhodococcus,715,302,4,707,4,0,0,0,99.44,1.06
151,GCA_003610315.1_ASM361031v1_genomic,Rhodococcus,715,302,4,708,2,1,0,0,99.44,1.06
152,GCA_004011865.1_ASM401186v1_genomic,Rhodococcus,715,302,5,705,5,0,0,0,99.19,1.09
153,GCA_002094325.1_ASM209432v1_genomic,Rhodococcus,715,302,2,709,4,0,0,0,99.59,1.1
154,GCA_007558985.1_ASM755898v1_genomic,Rhodococcus,715,302,2,708,5,0,0,0,99.59,1.11
155,GCA_002863905.1_ASM286390v1_genomic,Rhodococcus,715,302,4,706,5,0,0,0,99.44,1.11
156,GCA_003023755.1_ASM302375v1_genomic,Rhodococcus,715,302,3,707,4,1,0,0,99.25,1.11
157,GCA_002300185.1_ASM230018v1_genomic,Rhodococcus,715,302,4,706,5,0,0,0,99.09,1.11
158,GCA_001651055.1_ASM165105v1_genomic,Rhodococcus,715,302,4,701,10,0,0,0,99.44,1.12
159,GCA_000760815.1_R_fas_GIC36_genomic,Rhodococcus,715,302,2,705,8,0,0,0,99.59,1.16
160,GCA_004563845.1_ASM456384v1_genomic,Rhodococcus,715,302,2,710,2,1,0,0,99.59,1.16
161,GCA_001748445.2_ASM174844v2_genomic,Rhodococcus,715,302,2,703,10,0,0,0,99.59,1.16
162,GCA_001890475.2_ASM189047v2_genomic,Rhodococcus,715,302,3,708,4,0,0,0,99.52,1.16
163,GCA_000975175.1_ASM97517v1_genomic,Rhodococcus,715,302,2,707,5,1,0,0,99.59,1.19
164,GCA_000760855.1_R_fas_02-816c_genomic,Rhodococcus,715,302,5,700,9,1,0,0,99.47,1.2
165,GCA_003385055.1_ASM338505v1_genomic,Rhodococcus,715,302,2,707,5,1,0,0,99.59,1.24
166,GCA_900455735.1_55312_C01_genomic,Rhodococcus,715,302,4,705,5,1,0,0,99.19,1.24
167,GCA_001620305.1_ASM162030v1_genomic,Rhodococcus,715,302,2,702,11,0,0,0,99.59,1.26
168,GCA_000225665.2_ASM22566v2_genomic,Rhodococcus,715,302,2,710,2,1,0,0,99.59,1.32
169,GCA_002258575.1_ASM225857v1_genomic,Rhodococcus,715,302,2,705,8,0,0,0,99.59,1.32
170,GCA_900187265.1_52295_G01_genomic,Rhodococcus,715,302,4,707,4,0,0,0,99.44,1.32
171,GCA_001047055.1_ASM104705v1_genomic,Rhodococcus,715,302,4,707,4,0,0,0,99.44,1.32
172,GCA_900094765.1_IMG-taxon_2615840625_annotated_assembly_genomic,Rhodococcus,715,302,2,705,8,0,0,0,99.59,1.34
173,GCA_001456965.1_ASM145696v1_genomic,Rhodococcus,715,302,2,705,8,0,0,0,99.59,1.34
174,GCA_002259025.1_ASM225902v1_genomic,Rhodococcus,715,302,3,705,7,0,0,0,99.42,1.35
175,GCA_002259365.1_ASM225936v1_genomic,Rhodococcus,715,302,5,706,3,1,0,0,99.07,1.38
176,GCA_009883715.1_ASM988371v1_genomic,Rhodococcus,715,302,5,704,6,0,0,0,99.33,1.39
177,GCA_002258715.1_ASM225871v1_genomic,Rhodococcus,715,302,2,706,7,0,0,0,99.59,1.41
178,GCA_001020225.1_ASM102022v1_genomic,Rhodococcus,715,302,2,705,7,1,0,0,99.59,1.42
179,GCA_002259095.1_ASM225909v1_genomic,Rhodococcus,715,302,3,704,8,0,0,0,99.25,1.43
180,GCA_002259035.1_ASM225903v1_genomic,Rhodococcus,715,302,3,704,8,0,0,0,99.25,1.43
181,GCA_002258555.1_ASM225855v1_genomic,Rhodococcus,715,302,3,704,8,0,0,0,99.25,1.43
182,GCA_002258285.1_ASM225828v1_genomic,Rhodococcus,715,302,4,704,7,0,0,0,99.09,1.43
183,GCA_002259405.1_ASM225940v1_genomic,Rhodococcus,715,302,1,708,5,1,0,0,99.92,1.46
184,GCA_001894785.1_ASM189478v1_genomic,Rhodococcus,715,302,2,706,7,0,0,0,99.59,1.46
185,GCA_000761055.1_R_fas_LMG3623_genomic,Rhodococcus,715,302,3,705,7,0,0,0,99.42,1.46
186,GCA_002259155.1_ASM225915v1_genomic,Rhodococcus,715,302,3,704,8,0,0,0,99.25,1.47
187,GCA_900455845.1_47555_D02_genomic,Rhodococcus,715,302,2,705,8,0,0,0,99.59,1.54
188,GCA_002259465.1_ASM225946v1_genomic,Rhodococcus,715,302,2,706,5,2,0,0,99.59,1.55
189,GCA_002259295.1_ASM225929v1_genomic,Rhodococcus,715,302,2,706,5,2,0,0,99.59,1.55
190,GCA_003797085.1_ASM379708v1_genomic,Rhodococcus,715,302,3,706,5,1,0,0,99.25,1.55
191,GCA_005944105.1_ASM594410v1_genomic,Rhodococcus,715,302,5,703,3,4,0,0,99.27,1.56
192,GCA_003386655.1_ASM338665v1_genomic,Rhodococcus,715,302,4,701,10,0,0,0,99.09,1.6
193,GCA_000760685.1_R_fas_04-516_genomic,Rhodococcus,715,302,3,703,9,0,0,0,99.67,1.61
194,GCA_002258995.1_ASM225899v1_genomic,Rhodococcus,715,302,4,703,8,0,0,0,99.09,1.62
195,GCA_002258545.1_ASM225854v1_genomic,Rhodococcus,715,302,4,703,8,0,0,0,99.09,1.62
196,GCA_002258515.1_ASM225851v1_genomic,Rhodococcus,715,302,4,703,8,0,0,0,99.09,1.62
197,GCA_004345605.1_ASM434560v1_genomic,Rhodococcus,715,302,4,699,12,0,0,0,99.45,1.65
198,GCA_000760895.1_R_fas_05-339-1_genomic,Rhodococcus,715,302,4,706,4,1,0,0,99.23,1.71
199,GCA_002258965.1_ASM225896v1_genomic,Rhodococcus,715,302,4,706,4,1,0,0,99.23,1.71
200,GCA_002258305.1_ASM225830v1_genomic,Rhodococcus,715,302,4,706,4,1,0,0,99.09,1.71
201,GCA_001426165.1_Leaf233_genomic,Rhodococcus,715,302,2,705,8,0,0,0,99.59,1.72
202,GCA_002259485.1_ASM225948v1_genomic,Rhodococcus,715,302,3,706,6,0,0,0,99.25,1.74
203,GCA_002259415.1_ASM225941v1_genomic,Rhodococcus,715,302,2,702,11,0,0,0,99.59,1.75
204,GCA_000949305.1_ASM94930v1_genomic,Rhodococcus,715,302,3,706,4,2,0,0,99.25,1.77
205,GCA_000759005.1_R_fas_A22b_genomic,Rhodococcus,715,302,3,703,9,0,0,0,99.25,1.8
206,GCA_000760775.1_R_fas_A78_genomic,Rhodococcus,715,302,3,705,5,2,0,0,99.42,1.81
207,GCA_002259335.1_ASM225933v1_genomic,Rhodococcus,715,302,3,704,7,1,0,0,99.42,1.84
208,GCA_002258735.1_ASM225873v1_genomic,Rhodococcus,715,302,2,706,6,1,0,0,99.75,1.87
209,GCA_002259325.1_ASM225932v1_genomic,Rhodococcus,715,302,2,704,7,2,0,0,99.59,1.88
210,GCA_002258705.1_ASM225870v1_genomic,Rhodococcus,715,302,2,704,7,2,0,0,99.59,1.88
211,GCA_002258315.1_ASM225831v1_genomic,Rhodococcus,715,302,5,704,5,1,0,0,99.09,1.88
212,GCA_002258925.1_ASM225892v1_genomic,Rhodococcus,715,302,1,703,10,1,0,0,99.92,1.94
213,GCA_002258915.1_ASM225891v1_genomic,Rhodococcus,715,302,1,703,10,1,0,0,99.92,1.94
214,GCA_000761075.1_R_fas_LMG3625_genomic,Rhodococcus,715,302,2,704,9,0,0,0,99.75,1.96
215,GCA_003350365.1_ASM335036v1_genomic,Rhodococcus,715,302,3,701,11,0,0,0,99.25,1.98
216,GCA_000760955.1_R_fas_A76_genomic,Rhodococcus,715,302,2,703,9,1,0,0,99.89,1.99
217,GCA_000801125.1_ASM80112v1_genomic,Rhodococcus,715,302,6,702,7,0,0,0,99.35,1.99
218,GCA_001894825.1_ASM189482v1_genomic,Rhodococcus,715,302,4,700,10,1,0,0,99.09,1.99
219,GCA_002258645.1_ASM225864v1_genomic,Rhodococcus,715,302,2,704,8,1,0,0,99.75,2.01
220,GCA_001297885.1_ASM129788v1_genomic,Rhodococcus,715,302,2,703,10,0,0,0,99.59,2.03
221,GCA_002258885.1_ASM225888v1_genomic,Rhodococcus,715,302,2,700,12,1,0,0,99.59,2.04
222,GCA_001426085.1_Leaf278_genomic,Rhodococcus,715,302,3,704,8,0,0,0,99.25,2.04
223,GCA_002259075.1_ASM225907v1_genomic,Rhodococcus,715,302,4,704,6,1,0,0,99.09,2.04
224,GCA_002258865.1_ASM225886v1_genomic,Rhodococcus,715,302,4,705,5,1,0,0,99.09,2.04
225,GCA_003130705.1_ASM313070v1_genomic,Rhodococcus,715,302,5,699,10,1,0,0,99.4,2.07
226,GCA_000760905.1_R_fas_A21d2_genomic,Rhodococcus,715,302,2,703,10,0,0,0,99.75,2.09
227,GCA_004364595.1_ASM436459v1_genomic,Rhodococcus,715,302,2,703,10,0,0,0,99.59,2.1
228,GCA_004363395.1_ASM436339v1_genomic,Rhodococcus,715,302,2,703,10,0,0,0,99.59,2.1
229,GCA_002258365.1_ASM225836v1_genomic,Rhodococcus,715,302,2,703,10,0,0,0,99.59,2.12
230,GCA_003851765.1_ASM385176v1_genomic,Rhodococcus,715,302,3,702,10,0,0,0,99.52,2.17
231,GCA_900188125.1_IMG-taxon_2675903021_annotated_assembly_genomic,Rhodococcus,715,302,5,702,7,0,1,0,99.04,2.18
232,GCA_003444715.1_ASM344471v1_genomic,Rhodococcus,715,302,3,701,11,0,0,0,99.25,2.2
233,GCA_002258295.1_ASM225829v1_genomic,Rhodococcus,715,302,2,704,9,0,0,0,99.75,2.21
234,GCA_002259505.1_ASM225950v1_genomic,Rhodococcus,715,302,2,701,9,3,0,0,99.59,2.21
235,GCA_002259105.1_ASM225910v1_genomic,Rhodococcus,715,302,3,705,6,1,0,0,99.42,2.21
236,GCA_000760795.1_R_fas_GIC26_genomic,Rhodococcus,715,302,2,701,12,0,0,0,99.59,2.23
237,GCA_010436075.1_ASM1043607v1_genomic,Rhodococcus,715,302,3,701,11,0,0,0,99.5,2.24
238,GCA_002259145.1_ASM225914v1_genomic,Rhodococcus,715,302,2,703,8,2,0,0,99.89,2.32
239,GCA_002245895.1_ASM224589v1_genomic,Rhodococcus,715,302,5,700,9,0,1,0,99.08,2.33
240,GCA_001685605.1_ASM168560v1_genomic,Rhodococcus,715,302,2,703,8,2,0,0,99.59,2.38
241,GCA_009859915.1_ASM985991v1_genomic,Rhodococcus,715,302,4,699,11,1,0,0,99.52,2.4
242,GCA_003626495.1_ASM362649v1_genomic,Rhodococcus,715,302,3,700,11,1,0,0,99.53,2.67
243,GCA_006543615.1_ASM654361v1_genomic,Rhodococcus,715,302,2,692,21,0,0,0,99.59,2.83
244,GCA_000736435.1_ASM73643v1_genomic,Rhodococcus,715,302,3,699,12,1,0,0,99.25,2.87
245,GCA_004365075.1_ASM436507v1_genomic,Rhodococcus,715,302,3,697,12,3,0,0,99.53,2.91
246,GCA_002258785.1_ASM225878v1_genomic,Rhodococcus,715,302,4,699,12,0,0,0,99.4,2.94
247,GCA_002259345.1_ASM225934v1_genomic,Rhodococcus,715,302,2,696,16,1,0,0,99.59,2.95
248,GCA_009872365.1_ASM987236v1_genomic,Rhodococcus,715,302,4,701,7,3,0,0,99.46,2.98
249,GCA_000982715.1_ASM98271v1_genomic,Rhodococcus,715,302,6,707,2,0,0,0,98.98,0.66
250,GCA_003844175.1_ASM384417v1_genomic,Rhodococcus,715,302,7,707,1,0,0,0,98.93,0.11
251,GCA_003641205.1_ASM364120v1_genomic,Rhodococcus,715,302,11,700,4,0,0,0,97.39,0.22
252,GCA_001646655.1_ASM164665v1_genomic,Rhodococcus,715,302,8,706,1,0,0,0,98.85,0.33
253,GCA_000164155.2_ASM16415v2_genomic,Rhodococcus,715,302,7,707,1,0,0,0,98.74,0.33
254,GCA_001653035.1_ASM165303v1_genomic,Rhodococcus,715,302,13,701,1,0,0,0,98.04,0.33
255,GCA_002091985.1_ASM209198v1_genomic,Rhodococcus,715,302,13,700,2,0,0,0,97.86,0.36
256,GCA_004795915.1_ASM479591v1_genomic,Rhodococcus,715,302,7,705,3,0,0,0,98.69,0.44
257,GCA_002091955.1_ASM209195v1_genomic,Rhodococcus,715,302,10,702,3,0,0,0,98.43,0.44
258,GCA_001646835.1_ASM164683v1_genomic,Rhodococcus,715,302,11,699,5,0,0,0,98.86,0.5
259,GCA_000963615.1_ASM96361v1_genomic,Rhodococcus,715,302,7,705,3,0,0,0,98.59,0.5
260,GCA_001646805.1_ASM164680v1_genomic,Rhodococcus,715,302,7,706,2,0,0,0,98.66,0.66
261,GCA_003860625.1_ASM386062v1_genomic,Rhodococcus,715,302,5,704,5,1,0,0,98.87,0.76
262,GCA_004795875.1_ASM479587v1_genomic,Rhodococcus,715,302,7,704,4,0,0,0,98.69,0.77
263,GCA_007829555.1_ASM782955v1_genomic,Rhodococcus,715,302,7,702,6,0,0,0,98.89,0.86
264,GCA_000333955.1_ASM33395v1_genomic,Rhodococcus,715,302,7,701,7,0,0,0,98.94,0.93
265,GCA_007830015.1_ASM783001v1_genomic,Rhodococcus,715,302,8,699,8,0,0,0,98.88,0.99
266,GCA_005484805.1_ASM548480v1_genomic,Rhodococcus,715,302,6,704,5,0,0,0,98.84,1.02
267,GCA_002744595.1_ASM274459v1_genomic,Rhodococcus,715,302,4,704,7,0,0,0,98.92,1.03
268,GCA_002258235.1_ASM225823v1_genomic,Rhodococcus,715,302,5,706,4,0,0,0,98.92,1.05
269,GCA_000761035.1_R_fas_LMG3616_genomic,Rhodococcus,715,302,6,703,6,0,0,0,98.76,1.05
270,GCA_000382865.1_ASM38286v1_genomic,Rhodococcus,715,302,7,704,4,0,0,0,98.79,1.06
271,GCA_000454425.1_RodocDN1_genomic,Rhodococcus,715,302,11,700,4,0,0,0,98.71,1.06
272,GCA_002258905.1_ASM225890v1_genomic,Rhodococcus,715,302,8,701,6,0,0,0,98.59,1.07
273,GCA_900099725.1_IMG-taxon_2675903013_annotated_assembly_genomic,Rhodococcus,715,302,9,702,3,1,0,0,98.57,1.21
274,GCA_001894965.1_ASM189496v1_genomic,Rhodococcus,715,302,9,702,3,1,0,0,98.57,1.21
275,GCA_000256505.1_ASM25650v1_genomic,Rhodococcus,715,302,10,694,11,0,0,0,98.31,1.23
276,GCA_009939605.1_ASM993960v1_genomic,Rhodococcus,715,302,16,693,6,0,0,0,97.72,1.24
277,GCA_001647175.1_ASM164717v1_genomic,Rhodococcus,715,302,14,693,8,0,0,0,97.53,1.25
278,GCA_001647185.1_ASM164718v1_genomic,Rhodococcus,715,302,18,689,8,0,0,0,97.31,1.29
279,GCA_001646825.1_ASM164682v1_genomic,Rhodococcus,715,302,9,702,4,0,0,0,98.28,1.32
280,GCA_002259285.1_ASM225928v1_genomic,Rhodococcus,715,302,6,702,7,0,0,0,98.92,1.41
281,GCA_003688915.1_ASM368891v1_genomic,Rhodococcus,715,302,5,701,9,0,0,0,98.92,1.45
282,GCA_000341795.1_Whole_genome_assembly_genomic,Rhodococcus,715,302,7,700,8,0,0,0,98.42,1.57
283,GCA_000760875.1_R_fas_05-561-1_genomic,Rhodococcus,715,302,5,702,8,0,0,0,98.92,1.63
284,GCA_000738775.1_ASM73877v1_genomic,Rhodococcus,715,302,14,692,9,0,0,0,98.33,1.63
285,GCA_000954115.1_ASM95411v1_genomic,Rhodococcus,715,302,5,705,5,0,0,0,98.59,1.66
286,GCA_000760755.1_R_fas_A73a_genomic,Rhodococcus,715,302,6,701,6,2,0,0,98.87,1.74
287,GCA_001895005.1_ASM189500v1_genomic,Rhodococcus,715,302,8,697,9,1,0,0,98.4,1.77
288,GCA_000234335.1_ASM23433v1_genomic,Rhodococcus,715,302,21,682,11,1,0,0,97.33,1.9
289,GCA_000686785.1_ASM68678v1_genomic,Rhodococcus,715,302,10,696,9,0,0,0,98.46,1.95
290,GCA_000760675.1_R_fas_A3b_genomic,Rhodococcus,715,302,5,697,12,1,0,0,98.86,2
291,GCA_001647205.1_ASM164720v1_genomic,Rhodococcus,715,302,13,690,12,0,0,0,97.75,2
292,GCA_001767395.1_ASM176739v1_genomic,Rhodococcus,715,302,12,692,11,0,0,0,97.56,2.05
293,GCA_002094315.1_ASM209431v1_genomic,Rhodococcus,715,302,11,695,8,1,0,0,98.76,2.06
294,GCA_004328705.1_ASM432870v1_genomic,Rhodococcus,715,302,7,695,11,2,0,0,98.69,2.13
295,GCA_002258565.1_ASM225856v1_genomic,Rhodococcus,715,302,7,697,11,0,0,0,98.5,2.23
296,GCA_000263875.1_RhoDK17.2_genomic,Rhodococcus,715,302,10,696,9,0,0,0,98.18,2.26
297,GCA_005938745.2_ASM593874v2_genomic,Rhodococcus,715,302,4,697,14,0,0,0,98.92,2.29
298,GCA_000760935.1_R_fas_A25f_genomic,Rhodococcus,715,302,6,696,12,1,0,0,98.91,2.29
299,GCA_005049235.1_ASM504923v1_genomic,Rhodococcus,715,302,8,696,10,1,0,0,98.79,2.29
300,GCA_006148895.1_ASM614889v1_genomic,Rhodococcus,715,302,7,697,11,0,0,0,98.87,2.3
301,GCA_900101735.1_IMG-taxon_2675903015_annotated_assembly_genomic,Rhodococcus,715,302,9,699,7,0,0,0,97.96,2.32
302,GCA_001894985.1_ASM189498v1_genomic,Rhodococcus,715,302,9,699,7,0,0,0,97.96,2.32
303,GCA_001646785.1_ASM164678v1_genomic,Rhodococcus,715,302,12,691,12,0,0,0,98.47,2.44
304,GCA_002300195.1_ASM230019v1_genomic,Rhodococcus,715,302,4,699,11,1,0,0,98.92,2.45
305,GCA_900109405.1_IMG-taxon_2675903023_annotated_assembly_genomic,Rhodococcus,715,302,10,695,10,0,0,0,98.46,2.45
306,GCA_001894865.1_ASM189486v1_genomic,Rhodococcus,715,302,10,695,10,0,0,0,98.46,2.45
307,GCA_005503035.1_ASM550303v1_genomic,Rhodococcus,715,302,9,694,12,0,0,0,98.11,2.6
308,GCA_900105375.1_IMG-taxon_2642422554_annotated_assembly_genomic,Rhodococcus,715,302,6,693,15,1,0,0,98.59,2.79
309,GCA_001040705.1_RD6.2_genomic,Rhodococcus,715,302,6,696,13,0,0,0,98.53,2.95
310,GCA_000583735.1_ASM58373v1_genomic,Rhodococcus,715,302,3,696,14,2,0,0,99.25,3.15
311,GCA_002258625.1_ASM225862v1_genomic,Rhodococcus,715,302,2,695,18,0,0,0,99.59,3.2
312,GCA_000264745.2_ASM26474v2_genomic,Rhodococcus,715,302,3,698,11,3,0,0,99.25,3.22
313,GCA_900215125.1_IMG-taxon_2737472030_annotated_assembly_genomic,Rhodococcus,715,302,6,694,14,1,0,0,99.12,3.28
314,GCA_003050885.1_ASM305088v1_genomic,Rhodococcus,715,302,6,694,14,1,0,0,99.12,3.28
315,GCA_001646735.1_ASM164673v1_genomic,Rhodococcus,715,302,3,697,13,1,0,1,99.25,3.54
316,GCA_000239135.3_ASM23913v3_genomic,Rhodococcus,715,302,4,688,23,0,0,0,99.44,3.56
317,GCA_002165735.1_ASM216573v1_genomic,Rhodococcus,715,302,3,697,15,0,0,0,99.52,3.74
318,GCA_002258475.1_ASM225847v1_genomic,Rhodococcus,715,302,2,682,31,0,0,0,99.59,4.22
319,GCA_001766885.1_ASM176688v1_genomic,Rhodococcus,715,302,2,671,42,0,0,0,99.59,4.68
320,GCA_001894845.1_ASM189484v1_genomic,Rhodococcus,715,302,3,692,19,0,0,1,99.52,4.79
321,GCA_002968035.1_ASM296803v1_genomic,Rhodococcus,715,302,3,688,23,1,0,0,99.25,5.12
322,GCA_900105905.1_IMG-taxon_2634166362_annotated_assembly_genomic,Rhodococcus,715,302,3,691,19,1,0,1,99.52,5.29
323,GCA_002258385.1_ASM225838v1_genomic,Rhodococcus,715,302,2,685,27,1,0,0,99.75,5.52
324,GCA_002300155.1_ASM230015v1_genomic,Rhodococcus,715,302,3,689,17,6,0,0,99.52,5.57
325,GCA_002258765.1_ASM225876v1_genomic,Rhodococcus,715,302,3,669,43,0,0,0,99.25,6.54
326,GCA_000511305.1_ASM51130v1_genomic,Rhodococcus,715,302,3,678,34,0,0,0,99.52,6.95
327,GCA_006543605.1_ASM654360v1_genomic,Rhodococcus,715,302,5,661,44,4,1,0,99.06,7.93
328,GCA_002258825.1_ASM225882v1_genomic,Rhodococcus,715,302,2,173,522,16,2,0,99.59,70.82
329,GCA_001292845.1_ASM129284v1_genomic,Rhodococcus,715,302,10,694,8,0,3,0,98.43,3.1
330,GCA_002258635.1_ASM225863v1_genomic,Rhodococcus,715,302,5,695,15,0,0,0,98.92,3.37
331,GCA_001555475.1_ASM155547v1_genomic,Rhodococcus,715,302,4,696,14,1,0,0,98.92,3.39
332,GCA_001895025.1_ASM189502v1_genomic,Rhodococcus,715,302,6,691,18,0,0,0,98.94,3.41
333,GCA_001583455.1_ASM158345v1_genomic,Rhodococcus,715,302,7,693,12,2,1,0,98.68,3.69
334,GCA_900455745.1_53694_A01_genomic,Rhodococcus,715,302,17,664,33,1,0,0,96.99,5.48
335,GCA_001647195.1_ASM164719v1_genomic,Rhodococcus,715,302,16,683,16,0,0,0,96.99,3.75
336,GCA_900478115.1_50618_D02_genomic,Rhodococcus,715,302,12,699,4,0,0,0,96.97,1.04
337,GCA_001895045.1_ASM189504v1_genomic,Rhodococcus,715,302,12,699,4,0,0,0,96.97,1.04
338,GCA_006704125.1_ASM670412v1_genomic,Rhodococcus,715,302,14,695,6,0,0,0,96.85,1.54
339,GCA_001620025.1_ASM162002v1_genomic,Rhodococcus,715,302,17,692,6,0,0,0,96.76,1.41
340,GCA_001646645.1_ASM164664v1_genomic,Rhodococcus,715,302,16,696,3,0,0,0,96.66,0.83
341,GCA_004011835.1_ASM401183v1_genomic,Rhodococcus,715,302,16,689,10,0,0,0,96.62,1.71
342,GCA_002887785.1_ASM288778v1_genomic,Rhodococcus,715,302,24,684,7,0,0,0,96.59,1.5
343,GCA_001646865.1_rk21_genomic,Rhodococcus,715,302,19,678,16,1,1,0,96.3,3.69
344,GCA_000698455.1_ASM69845v1_genomic,Rhodococcus,715,302,32,665,18,0,0,0,96.21,2.63
345,GCA_000834565.1_ASM83456v1_genomic,Rhodococcus,715,302,23,684,8,0,0,0,96.14,1.83
346,GCA_001426185.1_Leaf247_genomic,Rhodococcus,715,302,23,685,7,0,0,0,96.14,1.25
347,GCA_001425985.1_Leaf7_genomic,Rhodococcus,715,302,23,685,7,0,0,0,96.14,1.25
348,GCA_000686025.1_ASM68602v1_genomic,Rhodococcus,715,302,20,688,7,0,0,0,96.08,1.58
349,GCA_004011825.1_ASM401182v1_genomic,Rhodococcus,715,302,18,691,6,0,0,0,96.04,0.8
350,GCA_004211255.1_ASM421125v1_genomic,Rhodococcus,715,302,22,590,65,17,12,9,95.8,13.45
351,GCA_001984015.1_ASM198401v1_genomic,Rhodococcus,715,302,28,677,9,1,0,0,95.79,1.95
352,GCA_900111805.1_IMG-taxon_2693429870_annotated_assembly_genomic,Rhodococcus,715,302,21,693,1,0,0,0,95.76,0.33
353,GCA_001894885.1_ASM189488v1_genomic,Rhodococcus,715,302,21,688,6,0,0,0,95.52,1.21
354,GCA_001894765.1_ASM189476v1_genomic,Rhodococcus,715,302,24,689,2,0,0,0,95.43,0.5
355,GCA_000278445.1_RhodoR1101_1.0_genomic,Rhodococcus,715,302,28,677,10,0,0,0,95.24,1.36
356,GCA_001426065.1_Leaf258_genomic,Rhodococcus,715,302,25,685,5,0,0,0,95.19,1.27
357,GCA_008297975.1_ASM829797v1_genomic,Rhodococcus,715,302,26,670,18,1,0,0,94.97,2.99
358,GCA_001426145.1_Leaf225_genomic,Rhodococcus,715,302,26,685,4,0,0,0,94.86,1.16
359,GCA_005434945.1_ASM543494v1_genomic,Rhodococcus,715,302,25,681,8,1,0,0,94.22,1.77
360,GCA_001646725.1_rkr83_genomic,Rhodococcus,715,302,35,679,1,0,0,0,94.1,0.33
361,GCA_002233715.1_ASM223371v1_genomic,Rhodococcus,715,302,43,667,5,0,0,0,93.65,1.24
362,GCA_000260815.1_ASM26081v1_genomic,Rhodococcus,715,302,44,662,9,0,0,0,93.63,1.69
363,GCA_008011915.1_ASM801191v1_genomic,Rhodococcus,715,302,28,681,5,1,0,0,93.56,1.69
364,GCA_001894925.1_ASM189492v1_genomic,Rhodococcus,715,302,28,681,5,1,0,0,93.56,1.69
365,GCA_000389715.1_Rrhod1.0_genomic,Rhodococcus,715,302,29,680,5,1,0,0,93.49,1.69
366,GCA_001646675.1_ASM164667v1_genomic,Rhodococcus,715,302,33,678,4,0,0,0,93,0.88
367,GCA_002455495.1_ASM245549v1_genomic,Rhodococcus,715,302,66,639,10,0,0,0,91.23,1.64
368,GCA_001942265.1_ASM194226v1_genomic,Rhodococcus,715,302,62,629,22,0,2,0,90.7,3.58
369,GCA_001312725.1_ASM131272v1_genomic,Rhodococcus,715,302,64,647,4,0,0,0,90.66,1.06
370,GCA_000813105.1_ASM81310v1_genomic,Rhodococcus,715,302,73,627,14,1,0,0,89.16,2.37
371,GCA_000830355.1_ASM83035v1_genomic,Rhodococcus,715,302,83,624,8,0,0,0,89.11,1.96
372,GCA_000720375.1_ASM72037v1_genomic,Rhodococcus,715,302,57,554,82,13,5,4,88.55,21.07
373,GCA_000454285.1_RhodP27_genomic,Rhodococcus,715,302,81,612,22,0,0,0,87.97,3.61
374,GCA_004006015.1_ASM400601v1_genomic,Rhodococcus,715,302,58,643,14,0,0,0,87.28,1.48
375,GCA_001313245.1_ASM131324v1_genomic,Rhodococcus,715,302,99,613,2,1,0,0,84.58,1.02
376,GCA_001312925.1_ASM131292v1_genomic,Rhodococcus,715,302,104,591,20,0,0,0,84.53,2.81
377,GCA_001311605.1_ASM131160v1_genomic,Rhodococcus,715,302,108,600,7,0,0,0,84.05,1.21
378,GCA_001312665.1_ASM131266v1_genomic,Rhodococcus,715,302,125,580,9,0,1,0,82.4,2.53
379,GCA_001312645.1_ASM131264v1_genomic,Rhodococcus,715,302,119,583,11,1,1,0,81.9,2.96
380,GCA_008931905.1_ASM893190v1_genomic,Rhodococcus,715,302,105,601,9,0,0,0,81.62,1.97
381,GCA_001511235.1_Rhodococcus_rhodochrous_TRN7_genomic,Rhodococcus,715,302,155,559,1,0,0,0,74.99,0.33
382,GCA_001017865.1_ASM101786v1_genomic,Rhodococcus,715,302,183,523,9,0,0,0,74.65,1.17
383,GCA_001313445.1_ASM131344v1_genomic,Rhodococcus,715,302,188,520,7,0,0,0,72.17,2.03
384,GCA_001313505.1_ASM131350v1_genomic,Rhodococcus,715,302,224,478,11,1,0,1,65.5,3.52
385,GCA_001313285.1_ASM131328v1_genomic,Rhodococcus,715,302,258,444,12,1,0,0,60.82,2.88
386,GCA_004211695.1_ASM421169v1_genomic,Rhodococcus,715,302,340,364,9,2,0,0,59.41,2.32
387,GCA_004358795.1_ASM435879v1_genomic,Rhodococcus,715,302,225,398,63,13,7,9,59.05,26.5
388,GCA_001313625.1_ASM131362v1_genomic,Rhodococcus,715,302,267,431,15,2,0,0,59.01,3.84
389,GCA_002954425.1_ASM295442v1_genomic,Rhodococcus,715,302,267,407,35,4,0,2,54.13,6.6
390,GCA_001313645.1_ASM131364v1_genomic,Rhodococcus,715,302,347,362,6,0,0,0,49.43,1.04
391,GCA_004210765.1_ASM421076v1_genomic,Rhodococcus,715,302,376,334,5,0,0,0,48.62,0.68
392,GCA_001313705.1_ASM131370v1_genomic,Rhodococcus,715,302,372,329,14,0,0,0,44.17,2.59
393,GCA_001313425.1_ASM131342v1_genomic,Rhodococcus,715,302,428,281,6,0,0,0,37.93,1.17
394,GCA_004211745.1_ASM421174v1_genomic,Rhodococcus,715,302,510,204,1,0,0,0,28.49,0.17
395,GCA_004296005.1_ASM429600v1_genomic,Rhodococcus,715,302,607,107,1,0,0,0,19.01,0.33
396,GCA_004211575.1_ASM421157v1_genomic,Rhodococcus,715,302,597,118,0,0,0,0,15,0
397,GCA_004295995.1_ASM429599v1_genomic,Rhodococcus,715,302,670,45,0,0,0,0,2.13,0